,Product Name,New Price,Old Price,Rating
0,2pcs Dices Romance Love Humour Gambling Dices Games for Couples Erotic Craps Pipe Sex Toys Novelty Gift,11.0,22,5 out of 5
1,LIBO NEW Three Fork Vibrator Rotate Telescopic Dildo Soft Silicone Vibrating Dildos USB Rechargeable Vagina Toys For Women,138.0,276,5 out of 5
2,Wireless Vibrator,64.0,128,2 out of 5
3,Large Girl Kid Wooden Play Kitchen Playset Children's Role Pretend Set Toy UK,163.0,326,2 out of 5
4,4 Sizes Family Inflatable Swimming Pool Kids Toy Gift Outdoor Wading Paddling,9021779.0,18043558,5 out of 5
5,Women Lingerie Suit Temptation Perspective Transparent Mesh Cosplay Costume,21.0,32,Not Rated
6,35 Pcs Kids Kitchen Pretend Play Toys Cooking Set Cookware ,231.0,463,Not Rated
7,Large Girl Kid Wooden Play Kitchen Playset Children's Role Pretend Set Toy UK,168.0,336,Not Rated
8,LIBO NEW Three Fork Vibrator Rotate Telescopic Dildo Soft Silicone Vibrating Dildos USB Rechargeable Vagina Toys For Women,146.0,291,Not Rated
9,EA new type of prepuce retainer corrector for men's use of lock ring toys adult products,12.0,24,Not Rated
10,Frequency Vibration Massage Stick USB Charging,131.0,262,Not Rated
11,5M Range Wrist Water Shooting Toy Plastic Swimming Pool,64.0,174,Not Rated
12,3000pcs Soft Crystal Water Beads Colorful Paintball Bullets,20.0,95,Not Rated
13,Large Girl Kid Wooden Play Kitchen Playset Children's Role Pretend Set Toy UK,336.0,672,Not Rated
14,New Fashionable Breast Enlargement Butt Enhancement Vacuum Therapy Body Massage Machine US,1245.0,2645,Not Rated
15,Baby Kids Swim Ring Float Inflatable Toddler Kid Swimming Pool Water Seat new,130.0,260,Not Rated
16,1.2M Portable Kids Indoor Outdoor Play Tent Ball Pit Pool with Basketball Hoop,93.0,185,Not Rated
17,Backpack Water Blaster Pull Water Shooter Cartoon Pan Kids,187.0,890,Not Rated
18,Backpack Water Blaster Pull Water Shooter Cartoon Helmet,176.0,835,Not Rated
19,Inflatable Swim Arm Bands Floatation Swimming Sleeves for Kids Adult,141.0,202,Not Rated
20,"1 Pair Sexy Women Ladies Lingerie Sequin Tassel Heart Shaped Breast Bra Nipple Cover Pasties Stickers Black, P-Purple",56.0,104,Not Rated
21,Magic Yoyo Professional Magic Yoyo M001 Aluminum Alloy Yo-yo CNC lathe,98.0,465,Not Rated
22,Children Role Play Medical Kit Doctor Play Game Set Box Pretend Play Gift,199.0,289,Not Rated
23,Magic Yoyo Professional Magic Yoyo T5 Overlord Aluminum Alloy Metal,66.0,310,Not Rated
24,Instant Water Balloons Colorful Rapid Filled Toy Color May,87405.0,152719,Not Rated
25,3000pcs Soft Crystal Water Beads Colorful Paintball Bullets,9.0,95,Not Rated
26,Water Balloon Launcher Snowball Fight Tool Outdoor Toys,100.0,177,Not Rated
27,Water Balloon Launcher Snowball Fight Tool Outdoor Toys,102.0,177,Not Rated
28,1:1.8 Archery Shooting Bow and Arrow for Kids Outdoor,348.0,1655,Not Rated
29,Stainless Steel Kids Mini Kitchen Plates Cutlery Cups Role Play Game Set ,86.0,172,Not Rated
30,Baby Inflatable Water Play Mat Infants Toddlers Fun Tummy Time Toy Pad Pat ,58.0,116,Not Rated
31,Baby Inflatable Water Play Mat Infants Toddlers Fun Tummy Time Toy Pad Pat ,62.0,124,Not Rated
32,Women Lace Patchwork Sexy Spaghetti Strap Chemise G-string Lingerie Pajamas,135.0,260,Not Rated
33,Women Sexy Lingerie Teddy Deep V Halter Lace Mesh Babydoll See-through Bodysuit-Black,60.0,108,Not Rated
34,Women Lace Patchwork Sexy Spaghetti Strap Chemise G-string Lingerie Pajamas,110.0,212,Not Rated
35,Women Lace Patchwork Sexy Spaghetti Strap Chemise G-string Lingerie Pajamas-Black,110.0,209,Not Rated
36,Women Sexy Lingerie Gartered Bodysuit Lace Teddy With G-String,122.0,231,Not Rated
37,Women Sexy Lingerie Dress Babydoll Halter Cupless Sleepwear Nightwear With G-string-Dark Red,127.0,245,Not Rated
38,Women Sexy 3-Piece Garter Belt Set With Matching G-string And Stocking,131.0,248,Not Rated
39,Women Sexy Lingerie Set Floral Lace High Leg Cut See-through Patchwork Bodydoll-Light Purple,139.0,264,Not Rated
48,1Pc Pink Supre Mini Full Body Massager Relieve Stress Travel Pocket Rocket #E015C# LIG,72.0,139,Not Rated
49,Colorful Children Rainbow Umbrella Parachute Toy Outdoor Sports Game,359.0,798,Not Rated
50,Women Satin Cami Set Lace-Trimmed Pajamas Set Sleepwear-Coffee,148.0,285,Not Rated
51,Women Satin Cami Set Lace Patchwork Top And Elastic Waist Shorts Pajamas,156.0,296,Not Rated
52,"Yoga, Pilates and Sports Exercise Hollow Foam Roller",178.0,355,Not Rated
53,Practical Design  d Home Bathroom Storage Plastic Bathroom Storage Rack-white,96.0,187,Not Rated
54,Women Lace Patchwork Sexy Spaghetti Strap Chemise G-string Lingerie Pajamas,127.0,241,Not Rated
55,Women Sexy Lingerie Mini Lace Babydoll Set With Choker And G-string-Purple,128.0,243,Not Rated
56,Women Sexy Sheer Scalloped Satin Chemise Slip Sleepwear Nightgown With G-string-Navy Blue,131.0,252,Not Rated
57,918 Children High-pressure Watergun Toy Super Large Capacity Long Range,495.0,1070,Not Rated
58,Women Sexy One Piece Lingerie Bodysuit Sheer Lace Teddy With Belt-Array,135.0,256,Not Rated
59,Women Lace Transparent Lingerie Night Slim Pencil Bodydoll Dress With G-String-Red,136.0,258,Not Rated
60,Women Satin Cami Set Lace Patchwork Pajamas Set Sleepwear-Array,158.0,300,Not Rated
61,Portable Kids Kitchen Tools Pretend Cooking Girl Toy Cooker Play Set Games Gift,165.0,330,Not Rated
62,CHN AOHUA 3183 Kids Science Education Elementary Astronomy Telescope Eyepiece Toy,275.0,630,Not Rated
63,Kids Makeup Playsets Case Handbag Pretend Play Make Up Case,525.0,1050,Not Rated
64,Children Portable Indian Castle Play Tent Indoor Outdoor Playhouse Toy,277.0,634,Not Rated
65,Women Sexy Lingerie Scoop Neck Glamour Long Sleeve Lace Bodydoll Bodysuit-Light Purple,116.0,224,Not Rated
66,Children Vehicle Design Baby Infant Twisting Riding Car Drift Activity Walker,821.0,1722,Not Rated
67,Women Adjustable Spaghetti Strap Lace See Through Strappy Lingerie Bodysuit-Array,121.0,233,Not Rated
68,Women Sexy Lingerie Lace Trim Contrast Color Mesh Babydoll Chemise Nightwear-Red,140.0,269,Not Rated
69,Women Sexy V-Neck Spaghetti Strap Lace Patchwork Bow See Through Night Dress-Array,148.0,285,Not Rated
70,Women Spaghetti Strap Sleeveless Tops With Elastic Waist Underwear Lingerie Sets-White,186.0,353,Not Rated
71,Transparent Clothing Dust-proof Hanging Pocket-Black,196.0,387,Not Rated
72,Bathtub Bubble Maker Cute Crabs Shape Baby Toys Pool Swimming Soap hine-red,248.0,362,Not Rated
73,Solid Baby Swimming Ring Float Swim Trainer Safety Aid Pool Floating Water Toy,356.0,712,Not Rated
74,7 Pocket Hook Wall Hanging Storage Bag Fantastic Hanging Bag Beautiful Bag-blue-Hedgehog,1572.0,3139,Not Rated
75,Inflatable Baby Water Play Mat Infants Babies Toddlers Fun Tummy Time Activity,63.0,126,Not Rated
76,Frequency Vibration Massage Stick USB Charging,131.0,262,Not Rated
77,Women Sexy Strap Embroidery See-through Lingerie Set Babydoll Sleepwear Mini Night Dress +G-String-Red,135.0,256,Not Rated
78,Women Sexy Chemise Slip Lace-Trim Mini Babydoll Nightgown With G-string-Blue,146.0,277,Not Rated
79,Women Sexy Strap Patchwork Lingerie Babydoll Backless Sleepwear With G-string-Rose Red,154.0,296,Not Rated
80,Prince Folding Tent Children Boy Castle Cubby Play House Kids Gifts Outdoor Toy,290.0,660,Not Rated
81,Portable Car Backside Seat Auto Travel Multi-Bag Holder Storage Bag 6 Layers-green,175.0,345,Not Rated
82,5M Range Wrist Water Shooting Toy Plastic Swimming Pool,64.0,174,Not Rated
83,Magic Yoyo Professional Magic Yoyo T8 Aluminum Alloy Metal Yoyo 8 Ball,67.0,315,Not Rated
84,Women Halter Lace See Through Sexy One Piece Garter Lingerie Set Nightwear,127.0,245,Not Rated
85,Women Sexy Lingerie See-through Backless V-Neck Babydoll Mesh Chemise Sleepwear-Purple,132.0,250,Not Rated
86,Children Portable Folding Outdoor Square Ocean Ball Pool Basketball Game Tent,576.0,1232,Not Rated
87,Women's Perspective Side Slit Lace And Mesh Baby Doll And G-String Set - Black,134.0,258,Not Rated
96,Women Lace Patchwork Sexy Spaghetti Strap Chemise G-string Lingerie Pajamas,109.0,210,3 out of 5
97,Large Girl Kid Wooden Play Kitchen Playset Children's Role Pretend Set Toy UK,168.0,336,Not Rated
98,5M Range Wrist Water Shooting Toy Plastic Swimming Pool,64.0,174,Not Rated
99,Princess Makeup Set For Kids Cosmetic Girls Kit Eyeshadow Lip Gloss Blushes ,137.0,274,Not Rated
100,Cleaning Toy Set Plastics Pretend Play Toy For Children,175.0,350,Not Rated
101,Kids Makeup Playsets Case Handbag Pretend Play Make Up Case,525.0,1050,Not Rated
102,Cleaning Toy Set Plastics Pretend Play Toy for Children,533.0,1066,Not Rated
103,54Pcs Simulate Kitchen Slicing Toy Set Kids Fruit Vegetable Cooking Toy,240.0,350,Not Rated
104,Frequency Vibration Massage Stick USB Charging,131.0,262,Not Rated
105,Kids Wood Kitchen Toy Cooking Pretend Play Set Toddler Wooden Play Set New US,713.0,1426,Not Rated
106,Cleaning Toy Set Plastics Pretend Play Toy For Children,200.0,400,Not Rated
107,Large Girl Kid Wooden Play Kitchen Playset Children's Role Pretend Set Toy UK,163.0,326,Not Rated
108,Plastic Small Home Appliances Toy Simulation Classic Toys Pretent Play,110.0,155,Not Rated
109,"1 Pair Sexy Women Ladies Lingerie Sequin Tassel Heart Shaped Breast Bra Nipple Cover Pasties Stickers Black, P-Purple",56.0,104,Not Rated
110,Large Girl Kid Wooden Play Kitchen Playset Children's Role Pretend Set Toy UK,168.0,336,Not Rated
111,Kids Makeup Playsets Case Handbag Pretend Play Make Up Case,525.0,1050,Not Rated
112,Backpack Water Blaster Pull Water Shooter Cartoon Pan Kids,187.0,890,Not Rated
113,Sexy Lingerie Women Hot Erotic Baby Dolls Dress Women Teddy Sexy pajamas,28.0,32,Not Rated
114,Blue Elf Elastics Hollow Lace Babydoll Lingerie Sling Sleepwear Bodysuit,38.0,47,Not Rated
115,25 Pcs Kids Play House Kitchen Toys Cookware Cooking Utensils Pots Pans Gift ,144.0,288,Not Rated
116,4 Sizes Family Inflatable Swimming Pool Kids Toy Gift Outdoor Wading Paddling,945.0,1891,Not Rated
117,(photo)Supermarket Till Kids Cash Register Toy Gift Set Child Girl Shop Role Play Gifts,149.0,298,Not Rated
118,Magic Yoyo Professional Magic Yoyo T5 Overlord Aluminum Alloy Metal,67.0,315,Not Rated
119,Large Size Students Wear Uniform Sexy Underwear,39.0,49,Not Rated
120,Girl Candy Cart Ice Cream Shop Supermarket Trolley Kids,786.0,1572,Not Rated
121,Large Girl Kid Wooden Play Kitchen Playset Children's Role Pretend Set Toy UK,171.0,342,Not Rated
122,24V 2m3/h Brushless Stainless Screw Solar Power Submersible Deep Well Water Pump,1395.0,2790,Not Rated
123,Fruit Cutting Set Role Play Pretend Reusable Fruit Vegetable Food ToyA1501,122.0,173,Not Rated
124,Princess Makeup Set For Kids Cosmetic Girls Kit Eyeshadow Lip Gloss Blushes ,233.0,466,Not Rated
125,Inflatable Drink Cup Holders Wedding Birthday Party Supply,1117.0,1729,Not Rated
126,Kids Simulation Kitchen Sink Toys Pretend Play Wash Up Dishwasher Children Role Play For Boys Girls Birthday Christmas Gifts,287.0,573,Not Rated
127,Blue Elf Elastics Hollow Lace Babydoll Lingerie Sling Sleepwear Bodysuit,31.0,37,Not Rated
128,Princess Makeup Set For Kids Cosmetic Girls Kit Eyeshadow Lip Gloss Blushes ,137.0,274,Not Rated
129,Wooden Magnet Connected Ice Cream Child Kid Food Pretend Play Christmas Gift Toy,34.0,69,Not Rated
130,4 Sizes Family Inflatable Swimming Pool Kids Toy Gift Outdoor Wading Paddling,9021779.0,18043558,Not Rated
131,Kids Educational Pretend Doctor Case Toy Set Child Medical Kit Doctor Case,166.0,239,Not Rated
132,33PCS Toddler Boy Girl Toy Tool Box Educational Pretend Play Kids Learning ,166.0,332,Not Rated
133,Large Girl Kid Wooden Play Kitchen Playset Children's Role Pretend Set Toy UK,163.0,326,Not Rated
134,Female Lingerie Suspenders Jumpsuits Erotic Lace Women Cross Bandage Bodysuit,34.0,41,Not Rated
135,Large Girl Kid Wooden Play Kitchen Playset Children's Role Pretend Set Toy UK,163.0,326,Not Rated
144,Women Lace Patchwork Sexy Spaghetti Strap Chemise G-string Lingerie Pajamas,109.0,210,Not Rated
145,Women One Piece Sexy Lingerie Bodysuit Halter Sheer Lace Patchwork-Array,139.0,267,Not Rated
146,Women Sexy Soft V-Neck Lace Trim Babydoll Chemise Full Slips Sleepwear-Purple,148.0,285,Not Rated
147,Women Sexy Lingerie Halter Backless Double Layered Mesh Babydoll Chemise Sleepwear-Red,154.0,296,Not Rated
148,Women Sexy Lace Up Halter Backless Underwear One Piece Sexy Lingerie,171.0,324,Not Rated
149,1:1.8 Archery Shooting Bow and Arrow for Kids Outdoor,348.0,1655,Not Rated
150,Inflatable Drink Cup Holders Wedding Birthday Party Supply,717.0,1729,Not Rated
151,Men Sexy Lace Patchwork Low Waist Elastic Underwear G-string Thong T-back-White,48.0,86,Not Rated
152,Jumbo Squeeze Press Unicorn Cake Super Slow Rising Pressure Relief Toy,55.0,110,Not Rated
153,Women Low Waist Lingerie Panties Cotton Spandex Breathable Thong Underwear,55.0,102,Not Rated
154,New Women One Piece Backless Sleepwear Sexy Nightwear Lace Lingerie Babydoll Bodysuit,106.0,201,Not Rated
155,Women Sexy Strap Lace Mesh See-through Lingerie Babydoll Sleepwear Mini Night One-Piece-Purple,107.0,207,Not Rated
156,Women Lace Patchwork Sexy Spaghetti Strap Chemise G-string Lingerie Pajamas-Purple,124.0,235,Not Rated
157,Women Sexy Lace Strap Chemise Babydoll Lingerie Set Dress + G-String-Wine Red,126.0,243,Not Rated
158,Women Sexy Lingerie Halter Backless Lace Trim Loose Babydoll Chemise Sleepwear-Purple,129.0,245,Not Rated
159,Women Lace Patchwork Sexy Off Shoulder Chemise G-string Lingerie Pajamas,136.0,262,Not Rated
160,Women Sexy Chemise Slip Lace-Trim Mini Babydoll Nightgown With G-string-Purple,144.0,277,Not Rated
161,Ladies Women Sexy Strap Slip Sleeveless V Neck Casual Solid Bottoming Straight Dress-White,160.0,304,Not Rated
162,Drying Rack Towel Rack-White,324.0,643,Not Rated
163,Flexible Rehabilitation Learn Swimming Pool Noodle Water Float Aid Woggle Swim,327.0,654,Not Rated
164,OUKITEL A28 1.54 Inch MT2502A Watch Phone,382.0,764,Not Rated
165,Female Lingerie Suspenders Jumpsuits Erotic Lace Women Cross Bandage Bodysuit,34.0,41,Not Rated
166,Women Sexy Lingerie Scoop Neck Glamour Long Sleeve Lace Bodydoll Bodysuit-Light Purple,118.0,224,Not Rated
167,Women Sexy Lingerie Halter Backless Double Layered Mesh Babydoll Chemise Sleepwear-Purple,154.0,296,Not Rated
168,Hangable Sink Drain Fruit And Vegetable Baskets-white,313.0,621,Not Rated
169,Portable Folding Outdoor Indoor Cartoon Elephant Tent,327.0,734,Not Rated
170,Acrylic Cosmetic Organizer Round Qtip Container Cotton Box Y-1011-8-Transparent,352.0,699,Not Rated
171,Sexy Lingerie Women Hot Erotic Baby Dolls Dress Women Teddy Sexy pajamas,26.0,29,Not Rated
172,Inflatable Baby Water Play Mat Infants Babies Toddlers Fun Tummy Time Activity,68.0,136,Not Rated
173,5.9''x4.1'' Jumbo Scented Slow Rising Charms Squeeze Stress Relief Toy Gifts UK,93.0,186,Not Rated
174,Women Sexy One Piece Lingerie Bodysuit Sheer Lace Teddy With Belt-Array,133.0,256,Not Rated
175,Women Lace Patchwork Sexy Spaghetti Strap Chemise G-string Lingerie Pajamas,137.0,260,Not Rated
176,Women Satin Cami Set Lace-Trimmed Pajamas Set Sleepwear-Gray,146.0,281,Not Rated
177,Comfortable Baby Potty Seat Unisex Children's Toilet Seat,263.0,526,Not Rated
178,Woman Underwear Lace Sheer High Waist Stockings Hollow Lingerie Garter,21.0,32,Not Rated
179,Blue Elf Elastics Hollow Lace Babydoll Lingerie Sling Sleepwear Bodysuit,38.0,47,Not Rated
180,Baby Inflatable Water Play Mat Infants Toddlers Fun Tummy Time Toy Pad Pat ,64.0,128,Not Rated
181,Wooden Furniture 6 Room Set Dolls House Family Miniature For Kids Children Toy,68.0,136,Not Rated
182,New Women One Piece Backless Sleepwear Sexy Nightwear Lace Lingerie Babydoll Bodysuit,104.0,201,Not Rated
183,Water Balloon Launcher Snowball Fight Tool Outdoor Toys,105.0,177,Not Rated
