Product Name,New Price,Old Price,Rating
Hp 123 Ink Cartridge - Black,115,120,4 out of 5
Hp DeskJet 2620 All-in-One Wireless Printer - White,311,380,3 out of 5
Hp 123 Ink Cartridge - Color,120,780,2 out of 5
Canon 445 Ink Cartridge - Black,160,2800,1 out of 5
Hp LaserJet Pro M102A Printer - White,480,1250,4.1 out of 5
Hp M281fdw Colour LaserJet Pro All-in-One Laser Printer - White,2420,950,3.7 out of 5
Hp HP MFP 130A LaserJet G3Q57A Pro Multi-Function Printer - White,920,675,3.9 out of 5
Epson L310 Ecotank Printer-Black,1040,500,4.3 out of 5
Canon 446 Ink Cartridge - Color,150,158,4.2 out of 5
Hp LaserJet Pro M15W Wireless Laser Printer - White,545,2600,4.2 out of 5
Hp 63 Ink Cartridge - Black,150,312,4.1 out of 5
Hp LaserJet Pro M15W Printer - White,545,783,3.8 out of 5
Hp CF413A 410A LaserJet Toner Cartridge - Magenta,350,34,3.7 out of 5
Hp CF410A 410A LaserJet Toner Cartridge - Black,350,52,5 out of 5
Hp CF411A 410A LaserJet Toner Cartridge - Cyan,350,322,4.3 out of 5
Hp Laserjet Pro M102a Printer + Free Printer Cable - White,470,148,4.4 out of 5
Hp 953 Ink Cartridge - Cyan,190,73,4 out of 5
5pcs Ink Cartridge  PGI 570 CLI 571 Compatible For  PIXMA MG5750 MG5751 MG5752 MG7750 MG7751 MG7752 MG7753 MG6850 MG 6851 MG6852 MG6853,76,1850,4.6 out of 5
Hp CF217A 17A LaserJet Toner Cartridge - Black,300,796,4 out of 5
Hp M281fdw - Color LaserJet Pro Multi Function Wireless Printer  - White,2550,0,3.7 out of 5
Hp CF412A 410A LaserJet Toner Cartridge - Yellow,350,0,4.3 out of 5
Hp 953 Ink Cartridge - Black,220,0,5 out of 5
Hp CF540A 203A LaserJet Toner Cartridge - Black,350,0,4 out of 5
Hp 953 Ink Cartridge - Magenta,190,0,4 out of 5
Hp 953 Ink Cartridge - Yellow,190,0,4 out of 5
3D Printing Pen Adjustable Speed &amp; Temperature LED Display ABS Pen Holder with 1 Roll 10m PLA Filament for Drawing Painting Art Craft Making 3D Modeling Children Education Birthday Christmas Gift Toy,146,0,5 out of 5
Premax Laser Tonner Catridge 17A - Black,85,0,3.3 out of 5
Hp CF541A 203A LaserJet Toner Cartridge - Cyan,350,0,5 out of 5
Hp CF542A 203A LaserJet Toner Cartridge - Yellow,350,0,4.5 out of 5
Hp CF543A 203A LaserJet Toner Cartridge - Magenta,350,0,4 out of 5
Hp CE285A 85A LaserJet Toner Cartridge - Black,300,0,
ZJ-8250 - POS Receipt Thermal Printer With 80mm Paper Rolls High-speed Printing - Black,522,0,
HP USB to Parallel Port LPT1 36 Pins IEEE 1284 Printer Scanner Cable Adapter-Black,29,0,
Hp 12A LaserJet Toner Cartridge - Black,95,0,
Compatible Ink Cartridges With Chip For Epson XP-500/600/605/700/800 Black,26,0,
Printhead 4-Slot For HP OfficeJet 920 6500 6000 6500A,161,0,
5pcs Ink Cartridge  PGI 570 CLI 571 Compatible For  PIXMA MG5750 MG5751 MG5752 MG7750 MG7751 MG7752 MG7753 MG6850 MG 6851 MG6852 MG6853,78,0,
2.4GHz Wireless Presenter USB Remote Control Presentation Mouse Lase Pointer New,36,0,
Hp M452nw Colour LaserJet Pro Printer - White,1725,0,
POS-5802LN Portale Mini 58mm 1 to 8 Wireless USB Thermal Printer Receipt Bill Ticket POS Printing,398,0,
,,0,
,,0,
,,0,
,,0,
,,0,
,,0,
,,0,
,,0,
Hp LaserJet Pro CP1025 Color Printer - White,1500,2619,4 out of 5
Canon 440 Ink Cartridge - Black,150,350,3 out of 5
Canon 510 Ink Cartridge - Black,130,783,2 out of 5
Canon 511 Ink Cartridge - Color,130,18,1 out of 5
Hp 2620 Deskjet All-in-One Wifi Printer-White,290,75,4 out of 5
ZJ-8250 - POS Receipt Thermal Printer With 80mm Paper Rolls High-speed Printing - Black,522,1490,4.3 out of 5
Creality 3D Heated Bed Compression Spring Light Load Compression Springs Length 22mm Inside Diameter 5mm for 3D Printer Extruder DIY Accessories Parts (Pack of 5pcs),9,514,5 out of 5
2.4GHz Wireless Presenter USB Remote Control Presentation Mouse Lase Pointer New,38,1000,3.8 out of 5
Hp LaserJet Pro M402dne Printer - White,1350,34,4.7 out of 5
POS-5890K 58mm USB Thermal Printer Receipt Bill Ticket POS Cash Drawer Restaurant Retail Printing,244,5734,3 out of 5
Hp Q7553A 53A LaserJet Toner Cartridge - Black,300,586,5 out of 5
Hp CF400A 201A LaserJet Toner Cartridge - Black,350,796,4 out of 5
Canon I-sensys Lbp6030b Printer - Black + Free 85A Toner,650,450,3 out of 5
Aibecy Flexible Coupling Shaft Coupler 5*5mm Inner Diameter 19*25mm Outer Diameter CNC Motor Jaw Shaft Couplers 3D Printer Accessory Pack of 2PCS,17,116,
Creality 3D Ender-3 Pro High Precision 3D Printer DIY Kit MK-10 Extruder with Resume Printing Function Heatbed Support 220*220*250mm Printing Size for Home &amp; School Use,2867,536,
Double A A4 Copy Paper - 80gsm,120,695,
Bluetooth Thermal Printer 58mm Restaurant Retail Receipt Ticket POS Printing for IOS Android Windows,293,574,
POS-5802LN Portale Mini 58mm 1 to 8 Wireless USB Thermal Printer Receipt Bill Ticket POS Printing,398,52,
Transparent 3D Printer Filament 1.75mm 1kg/2.2lb PLA For RepRap MarkerBot Prusa Rose,225,772,
Aibecy 3D Printer Motors 17HS4023 Titan Step Motor for Titan Extruder with 100cm Wire 4-Lead Nema 17 3D Printer Parts,51,1386,
Aibecy Nema 23 Stepper Motor with Motor Leads Shaft Diameter 8mm High Torque Machine Stepping Motor 23HS7628 Bipolar 3D Printer Parts Kit,268,308,
Mini Portable 1080P 3D HD LED Projector Multimedia Home Theater US Plus,347,1850,
GOOJPRT PeriPage Mini Pocket Wireless BT Thermal Printer Picture Photo Label Memo Receipt Paper Printer with USB Cable Support for Android iOS Smartphone Windows,274,576,
Compatible Ink Cartridges With Chip For Epson XP-500/600/605/700/800 Black,26,2037,
1080P Mini Portable 3D HD LED Projector Multimedia Home Theater White EU Plus,386,112,
1000mW DIYMini Laser Engraver Machine Cutter Adjustable Laser Power For Windows ,693,1534,
MTP - II 58MM Bluetooth Thermal Printer Portable Wireless Receipt Machine - Black,205,79,
Hp M452nw Colour LaserJet Pro Printer - White,1725,148,
GOOJPRT PeriPage Mini Pocket Wireless BT Thermal Printer Picture Photo Label Memo Receipt Paper Printer with USB Cable Support for Android iOS Smartphone Windows,275,2800,
 Laser Engraver Cutting Machine Desktop Mark Logo Engraving Printer Cutter 500MW,998,97,
ACO  12A Laser Premium Quality Printer  Toner Cartridge - Black,135,0,
Hp CF226A 26A LaserJet Toner Cartridge - Black,350,0,
Aibecy 3D Printer Tool Kit 20 Teeth Timing Aluminum Pulley Wheels 5mm Core Diameter 5 Meters Timing GT2 Belt Hexagon Wrench Accessory Parts Suite for 3D Printer,49,0,
Gprinter GP-L80160I Thermal Receipt Printer Barcode Label Graphic Printer with Cutter 160mm/s 80mm Printing Width for Reastaurant Kitchen USB POS Computer,767,0,
Laser Thermal Transfer Paper (No Cutting and Hollowing) TL-150M (Light Color),59,0,
Hp M254dw Color LaserJet Pro Printer-White,1800,0,
5pcs Ink Cartridge  PGI 570 CLI 571 Compatible For  PIXMA MG5750 MG5751 MG5752 MG7750 MG7751 MG7752 MG7753 MG6850 MG 6851 MG6852 MG6853,78,0,
Hp Q5949A 49A LaserJet Toner Cartridge - Black,200,0,
4 color 2 station screen printing machine,2250,0,
Laser Thermal Transfer Paper (No Cutting and Hollowing) TL-150M (Light Color) Light Color,71,0,
,,0,
,,0,
,,0,
,,0,
,,0,
,,0,
,,0,
,,0,
Aibecy Nema 23 Stepper Motor with Motor Leads Shaft Diameter 8mm High Torque Machine Stepping Motor 23HS7628 Bipolar 3D Printer Parts Kit,268,536,4 out of 5
Creality 3D Supporting Pull Rod Kit for CR-10 CR-10S  3D Printers DIY Upgrade,275,550,3 out of 5
Creality 3D Supporting Pull Rod Kit for CR-10 CR-10S  3D Printers DIY Upgrade,295,618,2 out of 5
MEMOBIRD GT1 Pocket Thermal Printer Bluetooth 4.2 Wireless Phone Photo Printer With 9 Rolls Paper,572,1144,1 out of 5
Flsun Cube F1 3D Printer Diy Kit Auto Leveling 360W Large Power Supply Print Size 260 * 260 * 350mm Aluminum Frame Heated Bed Double Fans,4308,8616,4 out of 5
Creality 3D Heated Bed Compression Spring Light Load Compression Springs Length 22mm Inside Diameter 5mm for 3D Printer Extruder DIY Accessories Parts (Pack of 5pcs),9,18,
Aibecy Flexible Coupling Shaft Coupler 5*5mm Inner Diameter 19*25mm Outer Diameter CNC Motor Jaw Shaft Couplers 3D Printer Accessory Pack of 2PCS,17,34,
Aibecy KFL08 Bore Diameter 8mm Ball Bearing Pillow Block Self-aligning Bearing Mounted Block 3D Printer Accessory Kit Pack of 2pcs,21,42,
LDTR - DJ001 3V 2-slot AA Battery Case Storage Holder with 18cm Cable for Arduino - Black,27,42,
Black on White Label Tape 12mm * 8m Compatible for Kingjim Epson Label Printer LW400/LW600/SR230C/SR230CH/SR530C/SR550C,28,56,
20 Sheets A4 8.3X11.7'' Glossy Paper Label Photo for Laser and Inkjet Printers 200g,70,140,
eSUN ABS 3D Printer Filament Dimensional Accuracy +/- 0.05mm Consumables 1kg Spool 1.75 mm Material Refills White,268,536,
Upgrade Dual Extruder Parts for ZONESTAR 3D Printer DIY Kit P802Q Two Color Printing,573,1146,
HOIN 80mm Thermal Receipt Printer Support 58mm/80mm Paper Width with Auto Cutter USB Serial Ethernet Interface Compatible with ESC/POS Print Commands for Supermarket Store Home Business,763,1526,
High Precision Desktop 3D Printer Kits DIY Self Assembly LCD12864 Screen Acrylic Frame Reprap i3 with TF Card Printing Size 220*220*200mm Support ABS/PLA/TPU/Wood Filament,2423,5006,
Creality 3D Heated Bed Compression Spring Light Load Compression Springs Length 22mm Inside Diameter 5mm for 3D Printer Extruder DIY Accessories Parts (Pack of 5pcs),9,28,
1pc 300 * 300 * 3mm Heated Bed Cork Sheet with Adhesive Back Heat Preservation for 3D Printer Anet A6 A8 Creality CR-10 CR-10S WanHao i3,28,56,
5 Meter 3MM ABS 3D Printer Filament For Mendel Printrbot Reprap Prusa,29,58,
235*235mm 3mm  3D Printer Accessories Hot Bed Steel Plate Silver + Magnetic Sticker Black 2019,208,416,
Aibecy 3D Printer Metal &amp; Rubber Stepper Motor Vibration Damper Shock Absorber with Heatsink for Nema 17 42 Stepper Motor,32,64,
TZE431 Laminated Label Tape Compatible For Brother P-touch PT1005 Tz Tze 12mm X 8m,33,66,
3D Printer Titan Extruder Kits Suit - Black,86,131,
300*300mm PEI Sheet with Adhesive Backing 3D Printing Build Surface Print Bed Sticker Sheet for CR10 CR-10S Tevo Tornado Hictop 3D Printer Accessories,93,186,
IMars Mini Camera SQ11 HD Camcorder HD Night Vision 1080P Sports Mini DV Video Recorder Black,113,226,
Creality 3D Printer Parts Extension Cable Kit 1m Length Upgrade Parts for CR-10 CR-10S 3D Printers,139,296,
Left Hand 3D Extruder Accessories MK7 MK8 42 Stepper Motor All Metal Long Distance Extruder Feeder Parts For 1.75mm Filament,179,358,
3D Printer Extruder Remote Feeding Kit with 0.4mm Nozzle Print Head 42 Stepper Motor Self Assembly Accessories for 1.75mm Filament Diameter Anet A8 3D Printer,252,504,
Hp CE505A 05A LaserJet Toner Cartridge - Black,300,1930,
20'' Inch Bb Beginner Student Trumpet With Case Gold Lacquered Brass Kids Gift 5 Colors,965,19362054,
3000mW Desktop Laser Engraving Machine Carving Engraver Printer bluetooth,9681027,1571,
Pocket Photo Printer Mobile Phone Portable Mini Home Sprocket No Ink White,1054,5150,
Creality 3D Ender-3 High-precision DIY 3D Printer Self-assemble 220 * 220 * 250mm Printing Size with Resume Printing Function,2493,8358,
Creality 3D CR - 10S Pro 300 x 300 x 400 3D Printer​,5572,17176,
Aibecy CR-10 S4 High-precision Self-assemble DIY i3 3D printer Easy to Assemble Filament Run-out Detection Resume Printing Function Printing Size 400 * 400 * 400mm,8326,24,
Aibecy GT2 Closed-Loop Timing Belt Rubber Synchronous Belts W=6mm L=110/112/158/200/280/400/610/852/1220mm 3D Printer Parts Kits Pack of 2pcs,7,26,
"Creality 3D Printer Parts Open Timing Rubber Belt 2GT 786 * 6mm with Copper Buckle for Ender-3 X Axis, 1pcs",13,44,
Aluminum Alloy Heat Sink Module Cooler Radiator Silver Heatsink with 16 Fins for High Power Amplifier Transistor Semiconductor Devices,22,84,
φ22mm T8 Lead Screw Length 100mm-950mm with Copper Nut Multiple Lengths Optional for 3D Printers,42,148,
Creality 3D 2GT 20 Tooth Pulley Aluminum Alloy Timing Gear Synchronous Wheel 5mm Bore for 3D Printer 6mm Width Timing Belt 3D Printer DIY Kit Accessories Parts (Pack of 5pcs),67,352,
SUNLU M1 3D Printing Pen USB Power Supply Heating Temperature Adjustable for PLA/ PCL Filament with 2 Roll PCL Filament Fingertip Protector for Drawing Painting Art Craft Making 3D Modeling Children Education Birthday Christmas Gift Toy,166,0,
,,0,
,,0,
,,0,
,,0,
,,0,
,,0,
,,0,
,,0,
